"x","Re[Er]","Im[Er]"
0.,0.,0
0.0010012515644555696,1.0019377912398497e-7,0
0.0020025031289111392,2.0079961965258705e-7,0
0.0030037546933667086,3.022312327591652e-7,0
0.0040050062578222785,4.0490565481956685e-7,0
0.005006257822277848,5.092449254123718e-7,0
0.006007509386733417,6.156777653191379e-7,0
0.007008760951188987,7.246412545246469e-7,0
0.008010012515644557,8.365825102171489e-7,0
0.009011264080100126,9.519603647886077e-7,0
0.010012515644555697,1.0712470438349471e-6,0
0.011013767209011266,1.1949298441562941e-6,0
0.012015018773466835,1.323512875591345e-6,0
0.013016270337922405,1.4575196195769996e-6,0
0.014017521902377974,1.5974947459950903e-6,0
0.015018773466833545,1.7440058726444467e-6,0
0.016020025031289114,1.8976460206255615e-6,0
0.017021276595744685,2.059036085900937e-6,0
0.018022528160200252,2.228827310855421e-6,0
0.019023779724655823,2.4077037558565583e-6,0
0.020025031289111393,2.596384770814923e-6,0
0.02102628285356696,2.795627466744466e-6,0
0.02202753441802253,3.0062291873228595e-6,0
0.023028785982478102,3.2290300033381775e-6,0
0.02403003754693367,3.464918364132578e-6,0
0.02503128911138924,3.714835630144016e-6,0
0.02603254067584481,3.979772681690559e-6,0
0.02703379224030038,4.2607740376473116e-6,0
0.02803504380475595,4.558942974238113e-6,0
0.02903629536921152,4.875446643827198e-6,0
0.03003754693366709,5.211521193710881e-6,0
0.031038798498122657,5.568476884909228e-6,0
0.03204005006257823,5.94770321095774e-6,0
0.033041301627033795,6.350674016699023e-6,0
0.03404255319148937,6.778952617074472e-6,0
0.035043804755944936,7.234196915915937e-6,0
0.036045056320400504,7.71816452473741e-6,0
0.03704630788485608,8.232717881526704e-6,0
0.038047559449311645,8.779829369537108e-6,0
0.03904881101376721,9.361586436079096e-6,0
0.040050062578222786,9.980197389243191e-6,0
0.041051314142678354,0.000010638038902040113,0
0.04205256570713392,0.000011337671248953363,0
0.043053817271589495,0.000012081770165445167,0
0.04405506883604506,0.000012873135277118558,0
0.04505632040050063,0.000013714706098307012,0
0.046057571964956204,0.000014609578030664134,0
0.04705882352941177,0.000015561018361753255,0
0.04806007509386734,0.000016572482263637163,0
0.04906132665832291,0.00001764762879146768,0
0.05006257822277848,0.000018790336882075358,0
0.051063829787234054,0.000020004721352559134,0
0.05206508135168962,0.000021295148898875955,0
0.05306633291614519,0.000022666254094430456,0
0.05406758448060076,0.000024122955388664628,0
0.05506883604505633,0.000025670471105647426,0
0.0560700876095119,0.000027314335442664456,0
0.05707133917396747,0.00002906041446880764,0
0.05807259073842304,0.0000309149221235648,0
0.059073842302878606,0.00003288443621540943,0
0.06007509386733418,0.00003497591442039024,0
0.06107634543178975,0.00003719671028072084,0
0.062077596996245314,0.00003955458920336944,0
0.06307884856070088,0.00004205774445864845,0
0.06408010012515646,0.00004471481317880417,0
0.06508135168961203,0.00004753489235660641,0
0.06608260325406759,0.00005052755484393811,0
0.06708385481852316,0.000053702865350385175,0
0.06808510638297874,0.0000570714512701983,0
0.0690863579474343,0.000060644963447020295,0
0.07008760951188987,0.00006443577735093422,0
0.07108886107634545,0.00006845672524491284,0
0.07209011264080101,0.00007272115242998241,0
0.07309136420525658,0.00007724297699767828,0
0.07409261576971216,0.00008203674958250052,0
0.07509386733416772,0.00008711771311437023,0
0.07609511889862329,0.00009250186257108535,0
0.07709637046307886,0.00009820600473077614,0
0.07809762202753442,0.00010424781792436167,0
0.07909887359199,0.00011064591178800521,0
0.08010012515644557,0.00011741988701557043,0
0.08110137672090113,0.000124590395111077,0
0.08210262828535671,0.00013217919814115687,0
0.08310387984981228,0.00014020922848750965,0
0.08410513141426784,0.00014870464859935857,0
0.08510638297872342,0.00015769091074590728,0
0.08610763454317899,0.00016719481676879432,0
0.08710888610763455,0.0001772445778345498,0
0.08811013767209012,0.00018786987418705148,0
0.0891113892365457,0.00019910191489998008,0
0.09011264080100126,0.00021097349762927512,0
0.09111389236545683,0.00022351906836559193,0
0.09211514392991241,0.00023677478118675583,0
0.09311639549436797,0.0002507785580102192,0
0.09411764705882354,0.00026557014834551753,0
0.09511889862327912,0.0002811911890467241,0
0.09612015018773468,0.00029768526406490667,0
0.09712140175219025,0.0003150979642005839,0
0.09812265331664582,0.00033347694685618014,0
0.0991239048811014,0.00035287199578848156,0
0.10012515644555696,0.0003733350808610925,0
0.10112640801001253,0.0003949204177968915,0
0.10212765957446811,0.00041768452793048625,0
0.10312891113892367,0.0004416862979606698,0
0.10413016270337924,0.00046698703970287774,0
0.10513141426783482,0.0004936505482760483,0
0.10613266583229038,0.0005217431951574847,0
0.10713391739674595,0.0005513343016425739,0
0.10813516896120152,0.0005824963879520108,0
0.10913642052565709,0.0006153052535259875,0
0.11013767209011266,0.0006498400523951668,0
0.11113892365456823,0.0006861833685516488,0
0.1121401752190238,0.0007244212913199433,0
0.11314142678347937,0.0007646434907279437,0
0.11414267834793494,0.0008069432928778926,0
0.1151439299123905,0.0008514177553173526,0
0.11614518147684608,0.0008981677424101842,0
0.11714643304130165,0.0009472980007075062,0
0.11814768460575721,0.0009989172343186723,0
0.11914893617021279,0.0010531381802822435,0
0.12015018773466836,0.0011100776839369528,0
0.12115143929912392,0.0011698567742926787,0
0.1221526908635795,0.0012326007394014191,0
0.12315394242803507,0.001298439201728257,0
0.12415519399249063,0.0013675061935223315,0
0.1251564455569462,0.001439940232187813,0
0.12615769712140176,0.0015158843956548703,0
0.12715894868585734,0.00159548639775064,0
0.1281602002503129,0.0016788986635702002,0
0.12916145181476849,0.0017662784048475392,0
0.13016270337922406,0.001857787695326527,0
0.13116395494367963,0.001953593546131886,0
0.13216520650813518,0.002053867981140158,0
0.13316645807259075,0.0021587881123506865,0
0.13416770963704633,0.0022685362152565715,0
0.1351689612015019,0.0023832998042156496,0
0.13617021276595748,0.0025032717078214634,0
0.13717146433041305,0.0026286501442742303,0
0.1381727158948686,0.0027596387967518113,0
0.13917396745932417,0.002896446888780696,0
0.14017521902377975,0.00303928911907299,0
0.14117647058823532,0.0031883815432291115,0
0.1421777221526909,0.003343941866548796,0
0.14317897371714647,0.0035061948659008586,0
0.14418022528160201,0.0036753722548598534,0
0.1451814768460576,0.0038517122045671967,0
0.14618272841051316,0.004035458864592259,0
0.14718397997496874,0.004226861883793492,0
0.1481852315394243,0.004426175931179544,0
0.14918648310387989,0.004633660216770367,0
0.15018773466833543,0.004849578012458324,0
0.151188986232791,0.005074196172869332,0
0.15219023779724658,0.005307784656223938,0
0.15319148936170215,0.005550616045198451,0
0.15419274092615773,0.005802965067786057,0
0.1551939924906133,0.006065108118157926,0
0.15619524405506885,0.00633732277752432,0
0.15719649561952442,0.006619887334995739,0
0.15819774718398,0.006913080308443988,0
0.15919899874843557,0.007217179965363317,0
0.16020025031289115,0.007532463843731534,0
0.16120150187734672,0.00785920827287111,0
0.16220275344180227,0.008197687894310295,0
0.16320400500625784,0.008548175182644249,0
0.16420525657071341,0.008910939966396123,0
0.165206508135169,0.009286248948878192,0
0.16620775969962456,0.009674365229052968,0
0.16720901126408014,0.010075547822394311,0
0.16821026282853568,0.010490051181748531,0
0.16921151439299126,0.010918124718195548,0
0.17021276595744683,0.011360012321909932,0
0.1712140175219024,0.01181595188302207,0
0.17221526908635798,0.012286174812479265,0
0.17321652065081355,0.01277090557522454,0
0.1742177722152691,0.013270362156919908,0
0.17521902377972468,0.013784753507553753,0
0.17622027534418025,0.014314273825219222,0
0.17722152690863582,0.014859100880587998,0
0.1782227784730914,0.015419394759881896,0
0.17922403003754697,0.01599529660784447,0
0.18022528160200252,0.016586927370712587,0
0.1812265331664581,0.01719438653918811,0
0.18222778473091367,0.01781775089140935,0
0.18322903629536924,0.0184570732359228,0
0.18423028785982482,0.01911238115465466,0
0.1852315394242804,0.019783675745882464,0
0.18623279098873594,0.02047093036720666,0
0.1872340425531915,0.021174089378522273,0
0.18823529411764708,0.021893066884990396,0
0.18923654568210266,0.022627745480009873,0
0.19023779724655823,0.023377974988188863,0
0.1912390488110138,0.024143571208316453,0
0.19224030037546935,0.024924314656334233,0
0.19324155193992493,0.025719949308307972,0
0.1942428035043805,0.026530181343399104,0
0.19524405506883608,0.027354677886836397,0
0.19624530663329165,0.02819306575288754,0
0.19724655819774722,0.029044930187830744,0
0.1982478097622028,0.029909813612926328,0
0.19924906132665834,0.030787214367388314,0
0.20025031289111392,0.0316765854513561,0
0.2012515644555695,0.03257733326886594,0
0.20225281602002507,0.03348881637082262,0
0.20325406758448064,0.03441034419797104,0
0.20425531914893622,0.035341175823867796,0
0.20525657071339176,0.03628051869785279,0
0.20625782227784734,0.03722752738802092,0
0.2072590738423029,0.03818130232419348,0
0.20826032540675848,0.03914088854088993,0
0.20926157697121406,0.04010527442029943,0
0.21026282853566963,0.041073390435252446,0
0.21126408010012518,0.04204410789219232,0
0.21226533166458075,0.04301623767414697,0
0.21326658322903633,0.04398852898370038,0
0.2142678347934919,0.04495966808596421,0
0.21526908635794748,0.045928277051549456,0
0.21627033792240305,0.046892912499538,0
0.2172715894868586,0.04785206434045423,0
0.21827284105131417,0.048804154519236656,0
0.21927409261576974,0.04974753626650462,0
0.22027534418022532,0.050680562382791644,0
0.2212765957446809,0.05160164242062312,0
0.22227784730913647,0.052509105764477,0
0.223279098873592,0.05340119000381853,0
0.2242803504380476,0.05427604788614704,0
0.22528160200250316,0.05513175427004276,0
0.22628285356695874,0.05596631307821372,0
0.2272841051314143,0.05677766425054255,0
0.22828535669586988,0.057563690697133296,0
0.22928660826032543,0.0583222252513583,0
0.230287859824781,0.05905105762290508,0
0.23128911138923658,0.05974794135082305,0
0.23229036295369215,0.06041060075657047,0
0.23329161451814773,0.061036737897061155,0
0.2342928660826033,0.061624039517711504,0
0.23529411764705885,0.062170184005487156,0
0.23629536921151442,0.06267284834194997,0
0.23729662077597,0.06312971505630474,0
0.23829787234042557,0.06353847917844611,0
0.23929912390488114,0.06389685519200541,0
0.24030037546933672,0.06420258398739748,0
0.24130162703379227,0.06445343981486745,0
0.24230287859824784,0.06464723723753775,0
0.2433041301627034,0.06478183808445473,0
0.244305381727159,0.06485515840363566,0
0.24530663329161456,0.0648651754151155,0
0.24630788485607014,0.06480993446399375,0
0.24730913642052568,0.06468755597348128,0
0.24831038798498126,0.06449624239794723,0
0.24931163954943683,0.06423428517596572,0
0.2503128911138924,0.06390007168336283,0
0.25131414267834795,0.06349209218626334,0
0.2523153942428035,0.06300894679413764,0
0.2533166458072591,0.06244935241284849,0
0.2543178973717147,0.06181214969769794,0
0.25531914893617025,0.061096310006474114,0
0.2563204005006258,0.060300942352498055,0
0.2573216520650814,0.0594253003576706,0
0.25832290362953697,0.05846878920551918,0
0.25932415519399254,0.057430972594244664,0
0.2603254067584481,0.05631157968976822,0
0.2613266583229037,0.05511051207877814,0
0.26232790988735927,0.05382785072177665,0
0.2633291614518148,0.05246386290612688,0
0.26433041301627036,0.05101900919909939,0
0.26533166458072593,0.04949395040091939,0
0.2663329161451815,0.04788955449781339,0
0.2673341677096371,0.046206903615056,0
0.26833541927409266,0.04444730097001687,0
0.26933667083854823,0.04261227782520746,0
0.2703379224030038,0.040703600441327925,0
0.2713391739674594,0.0387232770303139,0
0.27234042553191495,0.03667356470838338,0
0.27334167709637053,0.03455697644908355,0
0.2743429286608261,0.032376288036337644,0
0.2753441802252816,0.03013454501749185,0
0.2763454317897372,0.027835069656361712,0
0.27734668335419277,0.025481466003185183,0
0.27834793491864834,0.023077449552672172,0
0.2793491864831039,0.020626739621503853,0
0.2803504380475595,0.01813337850040897,0
0.28135168961201507,0.015601747490526091,0
0.28235294117647064,0.013036544841343312,0
0.2833541927409262,0.010442763688637675,0
0.2843554443053818,0.007825669992414831,0
0.28535669586983736,0.005190780474848479,0
0.28635794743429294,0.002543840558219976,0
0.28735919899874846,-0.00010919769714202304,0
0.28836045056320403,-0.0027621976549226032,0
0.2893617021276596,-0.00540886016488018,0
0.2903629536921152,-0.008042745624907532,0
0.29136420525657075,-0.010657296043092082,0
0.2923654568210263,-0.013245857099776409,0
0.2933667083854819,-0.015801700209618727,0
0.2943679599499375,-0.018318044583653284,0
0.29536921151439305,-0.02078807929135083,0
0.2963704630788486,-0.023204985322679162,0
0.2973717146433042,-0.025561957650163464,0
0.29837296620775977,-0.02785222729094686,0
0.2993742177722153,-0.030069083368850703,0
0.30037546933667086,-0.03220589517643556,0
0.30137672090112644,-0.034256134237060906,0
0.302377972465582,-0.03621339636694609,0
0.3033792240300376,-0.038071423737230686,0
0.30438047559449316,-0.03982412693603493,0
0.30538172715894873,-0.0414656070305202,0
0.3063829787234043,-0.042990177628949466,0
0.3073842302878599,-0.044392386942747754,0
0.30838548185231546,-0.04566703984856261,0
0.30938673341677103,-0.04680921995032457,0
0.3103879849812266,-0.04781431164130759,0
0.3113892365456821,-0.0486780221661895,0
0.3123904881101377,-0.04939640368311262,0
0.3133917396745933,-0.04996587532574395,0
0.31439299123904885,-0.050383245265335844,0
0.3153942428035044,-0.05064573277278637,0
0.31639549436796,-0.05075099028069982,0
0.31739674593241557,-0.05069712544544716,0
0.31839799749687114,-0.05048272320922648,0
0.3193992490613267,-0.05010686786212344,0
0.3204005006257823,-0.04956916510417179,0
0.32140175219023787,-0.04886976410741376,0
0.32240300375469344,-0.048009360561565406,0
0.323404255319149,-0.046988895677130396,0
0.32440550688360453,-0.045809759255399846,0
0.3254067584480601,-0.044474173712930345,0
0.3264080100125157,-0.042985173371866914,0
0.32740926157697126,-0.041346568945081416,0
0.32841051314142683,-0.03956291202131097,0
0.3294117647058824,-0.03763945955029657,0
0.330413016270338,-0.03558213832792152,0
0.33141426783479355,-0.03339750948134998,0
0.3324155193992491,-0.03109273295416548,0
0.3334167709637047,-0.028675531991509337,0
0.3344180225281603,-0.02615415762521929,0
0.33541927409261585,-0.023537353158967912,0
0.33642052565707137,-0.020834318653401317,0
0.33742177722152694,-0.01805467541127701,0
0.3384230287859825,-0.01520843046260336,0
0.3394242803504381,-0.01230594104977744,0
0.34042553191489366,-0.009357879112723753,0
0.34142678347934924,-0.0063751957740326715,0
0.3424280350438048,-0.0033690858240989635,0
0.3434292866082604,-0.0003509522062603229,0
0.34443053817271596,0.0026676294980641363,0
0.34543178973717154,0.0056749465842354,0
0.3464330413016271,0.008659184739256021,0
0.3474342928660827,0.011608463556631626,0
0.3484355444305382,0.014510872051232242,0
0.3494367959949938,0.017354504174154437,0
0.35043804755944935,0.020127494327581857,0
0.3514392991239049,0.02281805287964734,0
0.3524405506883605,0.025414501679294287,0
0.3534418022528161,0.027905309571138133,0
0.35444305381727165,0.030279127910327823,0
0.3554443053817272,0.03252482607740736,0
0.3564455569461828,0.03463152699317724,0
0.35744680851063837,0.03658863641509788,0
0.35844806007509394,0.03838558409375522,0
0.3594493116395495,0.0400120842632326,0
0.36045056320400504,0.04145892631412548,0
0.3614518147684606,0.042718019824646465,0
0.3624530663329162,0.04378237836314137,0
0.36345431789737176,0.04464610329060621,0
0.36445556946182733,0.04530436756320377,0
0.3654568210262829,0.045753399534780186,0
0.3664580725907385,0.04599046675938164,0
0.36745932415519406,0.04601385979377096,0
0.36846057571964963,0.04582287599994425,0
0.3694618272841052,0.04541780334764755,0
0.3704630788485608,0.044799904216893394,0
0.37146433041301635,0.043971399200477594,0
0.37246558197747187,0.042935450906495747,0
0.37346683354192745,0.04169614776085977,0
0.374468085106383,0.04025848780981483,0
0.3754693366708386,0.03862836252245574,0
0.37647058823529417,0.036812540593243674,0
0.37747183979974974,0.0348186517445228,0
0.3784730913642053,0.032655170529036874,0
0.3794743429286609,0.030331400132445917,0
0.38047559449311646,0.027857456175842836,0
0.38147684605757204,0.025244250518270048,0
0.3824780976220276,0.02250347505923611,0
0.3834793491864832,0.019647585541232384,0
0.3844806007509387,0.016689785352249784,0
0.3854818523153943,0.013644009328294803,0
0.38648310387984985,0.010524907555907091,0
0.38748435544430543,0.007347829174675455,0
0.388485607008761,0.004128806179754653,0
0.3894868585732166,0.0008845372243820159,0
0.39048811013767215,-0.0023676285776059007,0
0.3914893617021277,-0.0056097078492567,0
0.3924906132665833,-0.008823099308775567,0
0.3934918648310389,-0.01198876764053279,0
0.39449311639549445,-0.01508802002131189,0
0.39549436795995,-0.018102800115853517,0
0.3964956195244056,-0.021015718517653777,0
0.3974968710888611,-0.02381009511279328,0
0.3984981226533167,-0.026470001443767106,0
0.39949937421777226,-0.028980303073313167,0
0.40050062578222784,-0.03132670194824209,0
0.4015018773466834,-0.03349577876326638,0
0.402503128911139,-0.03547503532482972,0
0.40350438047559456,-0.037252936914936266,0
0.40450563204005013,-0.0388189546549799,0
0.4055068836045057,-0.040163607869573584,0
0.4065081351689613,-0.04127850645037859,0
0.40750938673341686,-0.042156393219933835,0
0.40851063829787243,-0.0427911862954852,0
0.40951188986232795,-0.04317802145281474,0
0.4105131414267835,-0.04331329449007009,0
0.4115143929912391,-0.04319470359159364,0
0.41251564455569467,-0.0428212916917519,0
0.41351689612015025,-0.042193488838764795,0
0.4145181476846058,-0.04131315455853492,0
0.4155193992490614,-0.040183620218476865,0
0.41652065081351697,-0.03880973139134651,0
0.41752190237797254,-0.037197890219070315,0
0.4185231539424281,-0.03535609777657457,0
0.4195244055068837,-0.03329399643561477,0
0.42052565707133926,-0.031022912228604843,0
0.4215269086357948,-0.02855589721244661,0
0.42252816020025036,-0.025907771832358525,0
0.42352941176470593,-0.023095167285705775,0
0.4245306633291615,-0.020136442607649747,0
0.4255319148936171,-0.01705053884823632,0
0.42653316645807265,-0.013856876886364423,0
0.42753441802252823,-0.010575644346492802,0
0.4285356695869838,-0.007227671940259819,0
0.4295369211514394,-0.003834305763044485,0
0.43053817271589495,-0.00041727959052733493,0
0.4315394242803505,0.003001412824748563,0
0.4325406758448061,0.006399645456816691,0
0.4335419274092616,0.009755287709725946,0
0.4345431789737172,0.013046332120980407,0
0.43554443053817277,0.016251022064977298,0
0.43654568210262834,0.019347979456446777,0
0.4375469336670839,0.022316332453890777,0
0.4385481852315395,0.025135843163022076,0
0.43954943679599506,0.027787035340203357,0
0.44055068836045064,0.030251322095886227,0
0.4415519399249062,0.032511133598050294,0
0.4425531914893618,0.03455004477564221,0
0.44355444305381736,0.036352903022014715,0
0.44455569461827293,0.037905955898365686,0
0.44555694618272845,0.039196978837177134,0
0.446558197747184,0.04021540284565452,0
0.4475594493116396,0.04095244220916537,0
0.4485607008760952,0.04140122219467863,0
0.44956195244055075,0.041556906754203635,0
0.4505632040050063,0.04141682622822918,0
0.4515644555694619,0.040980605049162525,0
0.45256570713391747,0.040250289444768494,0
0.45356695869837305,0.03923047513766734,0
0.4545682102628286,0.03792796300327313,0
0.4555694618272842,0.036350503317658864,0
0.45657071339173977,0.034508002649257255,0
0.45757196495619534,0.03241275635588971,0
0.45857321652065086,0.030079268431824152,0
0.45957446808510644,0.027524071354831932,0
0.460575719649562,0.024765545933246216,0
0.4615769712140176,0.021823741153019056,0
0.46257822277847316,0.018720194024779008,0
0.46357947434292873,0.015477749430888754,0
0.4645807259073843,0.01212037997250262,0
0.4655819774718399,0.008673005816624113,0
0.46658322903629545,0.005161314543163535,0
0.46758448060075103,0.001611580991995494,0
0.4685857321652066,-0.0019495128899835144,0
0.4695869837296622,-0.005495058201797579,0
0.4705882352941177,-0.008998099241333588,0
0.47158948685857327,-0.01243181365828449,0
0.47259073842302884,-0.01576969260709053,0
0.4735919899874844,-0.018985720899882493,0
0.47459324155194,-0.02205455715942395,0
0.47559449311639557,-0.024951713972053716,0
0.47659574468085114,-0.027653738040628262,0
0.4775969962453067,-0.030138390337464183,0
0.4785982478097623,-0.03238482625728064,0
0.47959949937421786,-0.034373491383920894,0
0.48060075093867344,-0.036085774520162,0
0.481602002503129,-0.03750575694873948,0
0.48260325406758453,-0.03862060015599622,0
0.4836045056320401,-0.039420463332507226,0
0.4846057571964957,-0.03989842086584855,0
0.48560700876095125,-0.04005037983336709,0
0.4866082603254068,-0.0398749974949499,0
0.4876095118898624,-0.039373598785793634,0
0.488610763454318,-0.038550093809174,0
0.48961201501877355,-0.03741089532921514,0
0.4906132665832291,-0.03596483626365913,0
0.4916145181476847,-0.03422308717663538,0
0.4926157697121403,-0.032199073771430047,0
0.49361702127659585,-0.02990839438325551,0
0.49461827284105137,-0.027368737472019924,0
0.49561952440550694,-0.024599799115096074,0
0.4966207759699625,-0.021623200500091675,0
0.4976220275344181,-0.01846240541761823,0
0.49862327909887366,-0.01514263775406062,0
0.49962453066332924,-0.011690798984346523,0
0.5006257822277848,-0.008135385664716046,0
0.5016270337922404,-0.004506406925490169,0
0.5026282853566959,-0.0008353019638423697,0
0.5036295369211515,0.0028451424634349546,0
0.504630788485607,0.006501257128318164,0
0.5056320400500627,0.010100501641350705,0
0.5066332916145182,0.013611091505176427,0
0.5076345431789738,0.01700180168593905,0
0.5086357947434293,0.020242252422694982,0
0.509637046307885,0.023303187153567405,0
0.5106382978723405,0.02615674580468008,0
0.5116395494367961,0.02877672960714918,0
0.5126408010012516,0.031138863211563055,0
0.5136420525657072,0.03322103370552474,0
0.5146433041301628,0.03500349893007799,0
0.5156445556946183,0.03646909402212972,0
0.5166458072590739,0.037603407559660115,0
0.5176470588235295,0.038394904178319304,0
0.5186483103879851,0.03883521649240042,0
0.5196495619524406,0.0389192184200684,0
0.5206508135168962,0.03864502983656261,0
0.5216520650813518,0.03801402121441457,0
0.5226533166458074,0.03703081826366558,0
0.5236545682102629,0.03570330657208503,0
0.5246558197747185,0.0340426362453874,0
0.525657071339174,0.032063226484421066,0
0.5266583229036296,0.029782618636261436,0
0.5276595744680852,0.02722112744481718,0
0.5286608260325407,0.02440203237814846,0
0.5296620775969964,0.02135136224322407,0
0.5306633291614519,0.018097578106221028,0
0.5316645807259075,0.014671256212818992,0
0.532665832290363,0.011104770908500271,0
0.5336670838548186,0.007431977558843894,0
0.5346683354192742,0.0036878954698258484,0
0.5356695869837298,-0.00009160919188701613,0
0.5366708385481853,-0.003870140478636595,0
0.5376720901126408,-0.007611089741479329,0
0.5386733416770965,-0.011277952709887826,0
0.539674593241552,-0.014834646571452552,0
0.5406758448060076,-0.018245827051121863,0
0.5416770963704631,-0.02147708141227165,0
0.5426783479349188,-0.024495215626991786,0
0.5436795994993743,-0.027269393055394726,0
0.5446808510638299,-0.029771458256141605,0
0.5456821026282854,-0.03197606229728396,0
0.5466833541927411,-0.03386078806711016,0
0.5476846057571966,-0.03540627558498768,0
0.5486858573216522,-0.03659634731220894,0
0.5496871088861077,-0.03741813346283417,0
0.5506883604505632,-0.03786219731453666,0
0.5516896120150189,-0.03792266051944633,0
0.5526908635794744,-0.037597328414994156,0
0.55369211514393,-0.036887815334756276,0
0.5546933667083855,-0.03579966991929853,0
0.5556946182728412,-0.03434250042702001,0
0.5566958698372967,-0.03253010004499823,0
0.5576971214017523,-0.030380567559994645,0
0.5586983729662078,-0.027915738264420092,0
0.5596996245306635,-0.02516018033043193,0
0.560700876095119,-0.02214180151395497,0
0.5617021276595745,-0.01889158851040334,0
0.5627033792240301,-0.015443199364935586,0
0.5637046307884856,-0.011832555882710337,0
0.5647058823529413,-0.008097436039137894,0
0.5657071339173968,-0.004277066390137776,0
0.5667083854818524,-0.0004117144823897363,0
0.567709637046308,0.0034577187364084883,0
0.5687108886107636,0.007290106507290242,0
0.5697121401752191,0.011044503849762228,0
0.5707133917396747,0.014680555151553516,0
0.5717146433041302,0.018158901758357892,0
0.5727158948685859,0.021441589563582726,0
0.5737171464330414,0.02449247659809156,0
0.5747183979974969,0.027277495040066338,0
0.5757196495619525,0.029764799611196335,0
0.5767209011264081,0.03192614284603402,0
0.5777221526908637,0.03373726792175939,0
0.5787234042553192,0.03517795279850059,0
0.5797246558197748,0.036232054283156026,0
0.5807259073842304,0.036887552093213774,0
0.581727158948686,0.03713659292057307,0
0.5827284105131415,0.03697553449536437,0
0.5837296620775971,0.03640498964977015,0
0.5847309136420527,0.03542987038184568,0
0.5857321652065083,0.03405943191933909,0
0.5867334167709638,0.032307316783512854,0
0.5877346683354193,0.030191598852963467,0
0.588735919899875,0.027734827427442276,0
0.5897371714643305,0.024964071291677124,0
0.5907384230287861,0.021910674989861833,0
0.5917396745932416,0.01860875518576346,0
0.5927409261576972,0.015095242878871314,0
0.5937421777221528,0.011409738821466373,0
0.5947434292866084,0.007594009857074143,0
0.5957446808510639,0.0036914851062992936,0
0.5967459324155195,-0.00025324784734629194,0
0.5977471839799751,-0.0041949467716087055,0
0.5987484355444306,-0.00808821859966366,0
0.5997496871088862,-0.011888023244283754,0
0.6007509386733417,-0.015550177412005853,0
0.6017521902377974,-0.019031858417302587,0
0.6027534418022529,-0.022292107996747745,0
0.6037546933667085,-0.025292336123187948,0
0.604755944931164,-0.02799682481990837,0
0.6057571964956197,-0.030373161879749238,0
0.6067584480600752,-0.032391960914477734,0
0.6077596996245308,-0.03402805252614804,0
0.6087609511889863,-0.035261458626824393,0
0.609762202753442,-0.03607734360379288,0
0.6107634543178975,-0.03646594301197417,0
0.611764705882353,-0.0364224922663381,0
0.6127659574468086,-0.03594715533431708,0
0.6137672090112641,-0.03504495342822035,0
0.6147684605757198,-0.033725693697647274,0
0.6157697121401753,-0.032003897921902086,0
0.6167709637046309,-0.029898731202406506,0
0.6177722152690864,-0.02743393065511519,0
0.6187734668335421,-0.024637734102927685,0
0.6197747183979976,-0.02154280876810448,0
0.6207759699624532,-0.018186179964678396,0
0.6217772215269087,-0.014608930611469263,0
0.6227784730913642,-0.010854525578685735,0
0.6237797246558199,-0.006968362109654805,0
0.6247809762202754,-0.0029975366890020658,0
0.625782227784731,0.0010097192199858968,0
0.6267834793491865,0.00500460409082441,0
0.6277847309136422,0.008938311249300702,0
0.6287859824780977,0.012762593788936787,0
0.6297872340425533,0.01643032948645936,0
0.6307884856070088,0.019896085717262882,0
0.6317897371714645,0.023116684370879197,0
0.63279098873592,0.026051766766440942,0
0.6337922403003756,0.028664358568150788,0
0.6347934918648311,0.0309214347007453,0
0.6357947434292867,0.032794478248227794,0
0.6367959949937423,0.03425928263976095,0
0.6377972465581978,0.0352960101672554,0
0.6387984981226534,0.035890982987133856,0
0.639799749687109,0.03603667821255656,0
0.6408010012515646,0.03573149502953629,0
0.6418022528160201,0.03497952181305284,0
0.6428035043804757,0.03379030324316726,0
0.6438047559449313,0.032178607421137095,0
0.6448060075093869,0.030164192985529872,0
0.6458072590738424,0.027771576228339066,0
0.646808510638298,0.0250297982110969,0
0.6478097622027535,0.02197219188099097,0
0.6488110137672091,0.018636149186976796,0
0.6498122653316647,0.015062888195893125,0
0.6508135168961202,0.011297220208577811,0
0.6518147684605758,0.007387310159684871,0
0.6528160200250314,0.003383733856330222,0
0.653817271589487,-0.0006623271196165084,0
0.6548185231539425,-0.004699438834339636,0
0.6558197747183981,-0.008676403072905146,0
0.6568210262828537,-0.012542806424784676,0
0.6578222778473093,-0.016249569369386534,0
0.6588235294117648,-0.01974949536157986,0
0.6598247809762203,-0.02299781991722504,0
0.660826032540676,-0.025952759698699958,0
0.6618272841051315,-0.028576061600426597,0
0.6628285356695871,-0.03083355183440083,0
0.6638297872340426,-0.032695685015717624,0
0.6648310387984983,-0.03413809324810059,0
0.6658322903629538,-0.035142134157706395,0
0.6668335419274094,-0.035694687828136396,0
0.6678347934918649,-0.035787439795158214,0
0.6688360450563205,-0.03541876403719389,0
0.6698372966207761,-0.034593701193546204,0
0.6708385481852317,-0.03332353448953883,0
0.6718397997496872,-0.031625365661657474,0
0.6728410513141427,-0.029521690882689515,0
0.6738423028785984,-0.027039976686864597,0
0.6748435544430539,-0.024212235894996183,0
0.6758448060075095,-0.021074603539619926,0
0.676846057571965,-0.017666912790136637,0
0.6778473091364207,-0.014032270877949948,0
0.6788485607008762,-0.01021663502160979,0
0.6798498122653318,-0.006268388351949615,0
0.6808510638297873,-0.002237915837230207,0
0.681852315394243,0.0018228197917233302,0
0.6828535669586985,0.005860663427779262,0
0.683854818523154,0.009821612491327934,0
0.6848560700876096,0.013653223757371198,0
0.6858573216520651,0.017306079286406748,0
0.6868585732165208,0.0207340406243309,0
0.6878598247809763,0.023894477671796588,0
0.6888610763454319,0.026748497553577617,0
0.6898623279098874,0.029261173487927034,0
0.6908635794743431,0.031401773655940865,0
0.6918648310387986,0.033143990070917125,0
0.6928660826032542,0.03446616744771886,0
0.6938673341677097,0.03535153207213385,0
0.6948685857321654,0.03578842067023698,0
0.6958698372966209,0.035770509277750606,0
0.6968710888610764,0.0352970421094063,0
0.697872340425532,0.03437306042830562,0
0.6988735919899876,0.033009631415281855,0
0.6998748435544432,0.03122407703826042,0
0.7008760951188987,0.02904020292162123,0
0.7018773466833543,0.026488219897067657,0
0.7028785982478098,0.023601944532457415,0
0.7038798498122655,0.02041831902787036,0
0.704881101376721,0.016977911070085085,0
0.7058823529411766,0.01332438759258178,0
0.7068836045056321,0.00950393409158137,0
0.7078848560700878,0.005564653629982987,0
0.7088861076345433,0.0015559407591253724,0
0.7098873591989988,-0.0024721575253101383,0
0.7108886107634544,-0.006469579589368441,0
0.71188986232791,-0.010386866118372032,0
0.7128911138923656,-0.01417571290146383,0
0.7138923654568211,-0.0177897891689088,0
0.7148936170212767,-0.021185296889389575,0
0.7158948685857323,-0.02432138470265502,0
0.7168961201501879,-0.027160561104339884,0
0.7178973717146434,-0.029669107630778672,0
0.718898623279099,-0.03181749204382482,0
0.7198998748435546,-0.033580781515665126,0
0.7209011264080101,-0.034939034673939884,0
0.7219023779724657,-0.03587708243513044,0
0.7229036295369212,-0.036384840651574865,0
0.7239048811013769,-0.03645802986887957,0
0.7249061326658324,-0.03609792926439214,0
0.725907384230288,-0.03531107557224214,0
0.7269086357947435,-0.03410896200838229,0
0.7279098873591991,-0.03250773719562857,0
0.7289111389236547,-0.030527904088702085,0
0.7299123904881103,-0.02819401889926847,0
0.7309136420525658,-0.025534390020980454,0
0.7319148936170214,-0.0225807769545166,0
0.732916145181477,-0.019368089232624473,0
0.7339173967459325,-0.015934085345159235,0
0.7349186483103881,-0.012319071377628152,0
0.7359198998748436,-0.00856542673111383,0
0.7369211514392993,-0.004716444762913309,0
0.7379224030037548,-0.0008155773161835148,0
0.7389236545682104,0.0030939424368418636,0
0.7399249061326659,0.0069694700873748315,0
0.7409261576971216,0.010769320082602535,0
0.7419274092615771,0.014453135818209718,0
0.7429286608260327,0.017982259730908053,0
0.7439299123904882,0.021320103390958807,0
0.7449311639549437,0.024432517594701567,0
0.7459324155193994,0.027288162457078866,0
0.7469336670838549,0.02985887750416133,0
0.7479349186483105,0.03212005176567569,0
0.748936170212766,0.03405099386752851,0
0.7499374217772217,0.03563525863015218,0
0.7509386733416772,0.03685997890860636,0
0.7519399249061328,0.03771588908290839,0
0.7529411764705883,0.03819811777684563,0
0.753942428035044,0.03830597365071843,0
0.7549436795994995,0.038042682652535104,0
0.7559449311639551,0.037415125269207525,0
0.7569461827284106,0.036433573777746746,0
0.7579474342928662,0.035111429496458124,0
0.7589486858573218,0.033464960036136714,0
0.7599499374217773,0.03151303655126353,0
0.7609511889862329,0.029276870991199522,0
0.7619524405506884,0.026779753351382843,0
0.7629536921151441,0.024046788924522243,0
0.7639549436795996,0.021104635551794742,0
0.7649561952440552,0.017981240874038677,0
0.7659574468085107,0.014705579582951716,0
0.7669586983729664,0.011307390741553569,0
0.7679599499374219,0.007816915130617809,0
0.7689612015018774,0.004264252028019229,0
0.769962453066333,0.00067864157760298,0
0.7709637046307886,-0.0029117097667718667,0
0.7719649561952442,-0.006479743072184213,0
0.7729662077596997,-0.009999660757596961,0
0.7739674593241553,-0.013447040424809306,0
0.7749687108886109,-0.016798948689402817,0
0.7759699624530665,-0.02003405501169366,0
0.776971214017522,-0.023132745527678748,0
0.7779724655819776,-0.026077236879987836,0
0.7789737171464332,-0.028851690048829905,0
0.7799749687108888,-0.03144232418294494,0
0.7809762202753443,-0.03383753043055064,0
0.7819774718397998,-0.036027985770293675,0
0.7829787234042555,-0.03800676684219786,0
0.783979974968711,-0.039769430273954576,0
0.7849812265331666,-0.04131345622869262,0
0.7859824780976221,-0.042637951833558695,0
0.7869837296620777,-0.04374387720851027,0
0.7879849812265333,-0.044633917927980625,0
0.7889862327909889,-0.04531234308192872,0
0.7899874843554444,-0.04578486333688733,0
0.7909887359199,-0.04605848899701254,0
0.7919899874843556,-0.04614138806513214,0
0.7929912390488112,-0.0460427443037949,0
0.7939924906132667,-0.04577261529631927,0
0.7949937421777222,-0.04534179050784229,0
0.7959949937421779,-0.04476164934636844,0
0.7969962453066334,-0.04404401922381882,0
0.797997496871089,-0.043201033617079505,0
0.7989987484355445,-0.04224499012905113,0
0.8000000000000002,-0.041188208549696986,0
0.8010101010101011,-4.445657824162577e14,0
0.8020202020202021,-4.308674717874964e14,0
0.8030303030303031,-4.164404501659659e14,0
0.8040404040404041,-4.014146737359068e14,0
0.8050505050505051,-3.859151951379047e14,0
0.8060606060606061,-3.700615004080416e14,0
0.8070707070707072,-3.539668459170476e14,0
0.8080808080808082,-3.3773759530945206e14,0
0.8090909090909091,-3.21472593342706e14,0
0.8101010101010101,-3.052631145796603e14,0
0.8111111111111111,-2.8919270418731744e14,0
0.8121212121212121,-2.7333696469993022e14,0
0.8131313131313131,-2.5776369856024156e14,0
0.8141414141414142,-2.425330598753559e14,0
0.8151515151515152,-2.2769770617261094e14,0
0.8161616161616162,-2.133029501554488e14,0
0.8171717171717172,-1.9938691168896266e14,0
0.8181818181818182,-1.8598075166716656e14,0
0.8191919191919192,-1.73109211888227e14,0
0.8202020202020203,-1.6079109177033575e14,0
0.8212121212121213,-1.490396555473198e14,0
0.8222222222222223,-1.3786304173909678e14,0
0.8232323232323233,-1.272646726221304e14,0
0.8242424242424243,-1.1724366369988619e14,0
0.8252525252525253,-1.077952331732866e14,0
0.8262626262626263,-9.891111141116773e13,0
0.8272727272727273,-9.05799504207309e13,0
0.8282828282828283,-8.278773331800395e13,0
0.8292929292929293,-7.551818379829273e13,0
0.8303030303030303,-6.87531756066377e13,0
0.8313131313131313,-6.2473142008269336e13,0
0.8323232323232324,-5.665748525906361e13,0
0.8333333333333334,-5.128489543167509e13,0
0.8343434343434344,-4.633323431132662e13,0
0.8353535353535354,-4.178008496865045e13,0
0.8363636363636364,-3.760308339430864e13,0
0.8373737373737374,-3.378002100095768e13,0
0.8383838383838385,-3.0288946600686094e13,0
0.8393939393939395,-2.710826838245205e13,0
0.8404040404040405,-2.421685588952096e13,0
0.8414141414141414,-2.159414199690336e13,0
0.8424242424242424,-1.922022488879137e13,0
0.8434343434343434,-1.7075970035998055e13,0
0.8444444444444444,-1.5143112173393818e13,0
0.8454545454545455,-1.3404357277344318e13,0
0.8464646464646465,-1.1843484413258549e13,0
0.8474747474747475,-1.0445325649864209e13,0
0.8484848484848485,-9.195509280445398e12,0
0.8494949494949495,-8.080584024272487e12,0
0.8505050505050505,-7.088028304018667e12,0
0.8515151515151516,-6.206215214967591e12,0
0.8525252525252526,-5.424377494220994e12,0
0.8535353535353536,-4.732572489906319e12,0
0.8545454545454546,-4.1216471303843457e12,0
0.8555555555555556,-3.5832028934568135e12,0
0.8565656565656566,-3.109560775574051e12,0
0.8575757575757577,-2.6937262610425996e12,0
0.8585858585858586,-2.3293542900458535e12,0
0.8595959595959596,-2.0107089382163945e12,0
0.8606060606060606,-1.7326003144669243e12,0
0.8616161616161616,-1.4903390257020679e12,0
0.8626262626262626,-1.279703659817187e12,0
0.8636363636363636,-1.0969079748538964e12,0
0.8646464646464647,-9.385680881555883e11,0
0.8656565656565657,-8.016696655229497e11,0
0.8666666666666667,-6.835351103694836e11,0
0.8676767676767677,-5.817907528770287e11,0
0.8686868686868687,-4.943340391512793e11,0
0.8696969696969697,-4.193008076028361e11,0
0.8707070707070708,-3.550438488109577e11,0
0.8717171717171718,-3.0012034851013196e11,0
0.8727272727272728,-2.5326011914320337e11,0
0.8737373737373738,-2.133491451829655e11,0
0.8747474747474748,-1.794153341549464e11,0
0.8757575757575757,-1.506142676601969e11,0
0.8767676767676768,-1.2621495239806389e11,0
0.8777777777777778,-1.0558557118899463e11,0
0.8787878787878788,-8.817923399730899e10,0
0.8797979797979798,-7.351982995005124e10,0
0.8808080808080808,-6.11946631717787e10,0
0.8818181818181818,-5.085131712990202e10,0
0.8828282828282829,-4.2185955210671005e10,0
0.8838383838383839,-3.493792361921365e10,0
0.8848484848484849,-2.8885056145691467e10,0
0.8858585858585859,-2.3838978931454857e10,0
0.8868686868686869,-1.9640415235198456e10,0
0.8878787878787879,-1.6154490199116505e10,0
0.888888888888889,-1.326603758047146e10,0
0.88989898989899,-1.0876321110322332e10,0
0.8909090909090909,-8.90277974977432e9,0
0.891919191919192,-7.275611093236565e9,0
0.8929292929292929,-5.93597517360626e9,0
0.8939393939393939,-4.834671519836694e9,0
0.8949494949494949,-3.9308162145096703e9,0
0.895959595959596,-3.1905189514052696e9,0
0.896969696969697,-2.585560093072573e9,0
0.897979797979798,-2.0920975150199227e9,0
0.898989898989899,-1.6901652279916234e9,0
0.9,-1.3633536284312334e9,0
0.901010101010101,-1.0979972419256215e9,0
0.902020202020202,-8.828148738669537e8,0
0.9030303030303031,-7.085739404988496e8,0
0.9040404040404041,-5.677547999625398e8,0
0.9050505050505051,-4.542150833430225e8,0
0.9060606060606061,-3.628561724061907e8,0
0.9070707070707071,-2.894380184577882e8,0
0.908080808080808,-2.3053670328635603e8,0
0.9090909090909092,-1.8334360239319342e8,0
0.9101010101010101,-1.4557359828458694e8,0
0.9111111111111111,-1.1538620669831078e8,0
0.9121212121212121,-9.130670283025485e7,0
0.9131313131313131,-7.21472475609756e7,0
0.9141414141414141,-5.6930306274134375e7,0
0.9151515151515152,-4.485922686023834e7,0
0.9161616161616162,-3.52984829686206e7,0
0.9171717171717172,-2.773400786974898e7,0
0.9181818181818182,-2.175491224710328e7,0
0.9191919191919192,-1.7036024477608077e7,0
0.9202020202020202,-1.3320430912065607e7,0
0.9212121212121213,-1.0402020321759561e7,0
0.9222222222222223,-8.112219705554785e6,0
0.9232323232323233,-6.318270293388829e6,0
0.9242424242424243,-4.9143307889844775e6,0
0.9252525252525252,-3.8164613422212293e6,0
0.9262626262626263,-2.958941185136333e6,0
0.9272727272727272,-2.2905862679274837e6,0
0.9282828282828283,-1.7710668949530632e6,0
0.9292929292929293,-1.3677191581510827e6,0
0.9303030303030303,-1.0549574894382688e6,0
0.9313131313131313,-812692.1578229057,0
0.9323232323232323,-625144.5182771918,0
0.9333333333333333,-480101.17381768516,0
0.9343434343434344,-368168.1988765701,0
0.9353535353535354,-282025.3627619762,0
0.9363636363636364,-215798.1644262871,0
0.9373737373737374,-164942.0967797197,0
0.9383838383838384,-125921.91254366965,0
0.9393939393939394,-95995.16162789872,0
0.9404040404040404,-73066.34129547726,0
0.9414141414141415,-55541.04632771336,0
0.9424242424242424,-42180.46282429949,0
0.9434343434343435,-32001.236776617763,0
0.9444444444444444,-24254.761794093392,0
0.9454545454545454,-18362.16577450834,0
0.9464646464646465,-13881.148040714692,0
0.9474747474747475,-10478.334542953826,0
0.9484848484848485,-7901.633061181435,0
0.9494949494949495,-5953.789136235338,0
0.9505050505050505,-4482.164976008946,0
0.9515151515151515,-3371.2182974298335,0
0.9525252525252526,-2532.5609414443743,0
0.9535353535353536,-1899.794481726121,0
0.9545454545454546,-1423.4285197733282,0
0.9555555555555556,-1065.8063852590717,0
0.9565656565656566,-797.4311259432047,0
0.9575757575757575,-596.2090157555751,0
0.9585858585858587,-445.34004529881275,0
0.9595959595959596,-332.2115094795263,0
0.9606060606060606,-247.49718256251182,0
0.9616161616161616,-184.25649322536736,0
0.9626262626262626,-137.10315524881972,0
0.9636363636363636,-101.9580670656225,0
0.9646464646464646,-75.77074155998625,0
0.9656565656565657,-56.247885919891125,0
0.9666666666666667,-41.699942493028956,0
0.9676767676767677,-30.888084497400193,0
0.9686868686868687,-22.87294836547526,0
0.9696969696969697,-16.92998071014141,0
0.9707070707070707,-12.525790780183776,0
0.9717171717171718,-9.259805882547901,0
0.9727272727272728,-6.83699298693154,0
0.9737373737373738,-5.0429312233744366,0
0.9747474747474747,-3.7188869306254286,0
0.9757575757575758,-2.7417984198791157,0
0.9767676767676767,-2.0210296007156074,0
0.9777777777777777,-1.489050281848146,0
0.9787878787878788,-1.0959663115235694,0
0.9797979797979798,-0.8056756497998203,0
0.9808080808080808,-0.5920244408239999,0
0.9818181818181818,-0.43508926450191293,0
0.9828282828282828,-0.3197263481375988,0
0.9838383838383838,-0.23492654306819652,0
0.9848484848484849,-0.17250577943508136,0
0.9858585858585859,-0.12652276833902867,0
0.9868686868686869,-0.09271856124342125,0
0.9878787878787879,-0.06795637120500964,0
0.9888888888888889,-0.0497973731646255,0
0.9898989898989898,-0.03646963458510634,0
0.990909090909091,-0.026677441988824813,0
0.9919191919191919,-0.019477034146056622,0
0.992929292929293,-0.01417977916835696,0
0.9939393939393939,-0.010268575796606994,0
0.9949494949494949,-0.007360878450191087,0
0.9959595959595959,-0.005173178145604242,0
0.996969696969697,-0.003492364137840232,0
0.997979797979798,-0.0021538514369859804,0
0.998989898989899,-0.001026567711399471,0
1.,0.,0
